{

		

	"MSS_ComboJets":[
            {"file":"sounds/mayasura/MSS_speedshredder.ogg","pitch":1, "volume":1},
	],
	    "MSS_plasmabomb_mirv":
    [
		{"file":"sounds/sfx_wpn_energy/plasma_cannon_fire_01.ogg","pitch":0.8,"volume":0.7},
		{"file":"sounds/sfx_wpn_energy/plasma_cannon_fire_02.ogg","pitch":0.82,"volume":0.7},
		{"file":"sounds/sfx_wpn_energy/plasma_cannon_fire_03.ogg","pitch":0.81,"volume":0.7},
    ],
		"MSS_big_autocannon_fire":
	[
		{"file":"sounds/sfx_wpn_guns/autocannon_fire_01.ogg","pitch":0.70,"volume":1},
		{"file":"sounds/sfx_wpn_guns/autocannon_fire_01.ogg","pitch":0.71,"volume":1},
		{"file":"sounds/sfx_wpn_guns/autocannon_fire_01.ogg","pitch":0.72,"volume":1},
		{"file":"sounds/sfx_wpn_guns/autocannon_fire_01.ogg","pitch":0.73,"volume":1},
		{"file":"sounds/sfx_wpn_guns/autocannon_fire_01.ogg","pitch":0.69,"volume":1},
		{"file":"sounds/sfx_wpn_guns/autocannon_fire_01.ogg","pitch":0.68,"volume":1},
		{"file":"sounds/sfx_wpn_guns/autocannon_fire_01.ogg","pitch":0.67,"volume":1},
	],
		"MSS_gandiva_fire":
	[
		{"file":"sounds/sfx_wpn_guns/gauss_cannon_fire_01.ogg","pitch":0.80,"volume":1},
		{"file":"sounds/sfx_wpn_guns/gauss_cannon_fire_01.ogg","pitch":0.81,"volume":1},
		{"file":"sounds/sfx_wpn_guns/gauss_cannon_fire_01.ogg","pitch":0.82,"volume":1},
		{"file":"sounds/sfx_wpn_guns/gauss_cannon_fire_01.ogg","pitch":0.83,"volume":1},
		{"file":"sounds/sfx_wpn_guns/gauss_cannon_fire_01.ogg","pitch":0.79,"volume":1},
		{"file":"sounds/sfx_wpn_guns/gauss_cannon_fire_01.ogg","pitch":0.78,"volume":1},
		{"file":"sounds/sfx_wpn_guns/gauss_cannon_fire_01.ogg","pitch":0.77,"volume":1},
	],
	
	
		"MSS_autolaser_fire":
	[
		{"file":"sounds/mayasura/MSS_laser_vulcan.ogg","pitch":1,"volume":0.8},
		{"file":"sounds/mayasura/MSS_laser_vulcan.ogg","pitch":1.01,"volume":0.8},
		{"file":"sounds/mayasura/MSS_laser_vulcan.ogg","pitch":1.02,"volume":0.8},
		{"file":"sounds/mayasura/MSS_laser_vulcan.ogg","pitch":1.03,"volume":0.8},
		{"file":"sounds/mayasura/MSS_laser_vulcan.ogg","pitch":1.04,"volume":0.8},
		{"file":"sounds/mayasura/MSS_laser_vulcan.ogg","pitch":1.05,"volume":0.8},
		{"file":"sounds/mayasura/MSS_laser_vulcan.ogg","pitch":0.99,"volume":0.8},
		{"file":"sounds/mayasura/MSS_laser_vulcan.ogg","pitch":0.98,"volume":0.8},
		{"file":"sounds/mayasura/MSS_laser_vulcan.ogg","pitch":0.97,"volume":0.8},
		{"file":"sounds/mayasura/MSS_laser_vulcan.ogg","pitch":0.96,"volume":0.8},
		{"file":"sounds/mayasura/MSS_laser_vulcan.ogg","pitch":0.95,"volume":0.8},
		{"file":"sounds/mayasura/MSS_laser_vulcan.ogg","pitch":0.94,"volume":0.8},
	],
		"MSS_mini_plasma_cannon_fire":
	[
		{"file":"sounds/sfx_wpn_energy/plasma_cannon_fire_01.ogg","pitch":1,"volume":0.7},
		{"file":"sounds/sfx_wpn_energy/plasma_cannon_fire_02.ogg","pitch":1,"volume":0.7},
		{"file":"sounds/sfx_wpn_energy/plasma_cannon_fire_03.ogg","pitch":1,"volume":0.7},
	],	
			"MSS_beamcannon_fire":
	[
		{"file":"sounds/mayasura/MSS_beamcannon.ogg","pitch":1, "volume":1},
		{"file":"sounds/mayasura/MSS_beamcannon.ogg","pitch":1.02, "volume":1},
		{"file":"sounds/mayasura/MSS_beamcannon.ogg","pitch":0.98, "volume":1},
	],	
				"MSS_obliterator_fire":
	[
		{"file":"sounds/mayasura/MSS_obliterator_fire_01.ogg","pitch":1, "volume":1},
		{"file":"sounds/mayasura/MSS_obliterator_fire_01.ogg","pitch":1.01, "volume":1},
		{"file":"sounds/mayasura/MSS_obliterator_fire_01.ogg","pitch":1.02, "volume":1},
		{"file":"sounds/mayasura/MSS_obliterator_fire_01.ogg","pitch":0.99, "volume":1},
		{"file":"sounds/mayasura/MSS_obliterator_fire_01.ogg","pitch":0.98, "volume":1},
		{"file":"sounds/mayasura/MSS_obliterator_fire_01.ogg","pitch":0.97, "volume":1},
	],	
		"MSS_onocrotalus_fire":
	[
		{"file":"sounds/mayasura/MSS_hyper4_1.ogg","pitch":1,"volume":1},
		{"file":"sounds/mayasura/MSS_hyper4_2.ogg","pitch":1.01,"volume":1},
		{"file":"sounds/mayasura/MSS_hyper4_3.ogg","pitch":1,"volume":1},
		{"file":"sounds/mayasura/MSS_hyper4_4.ogg","pitch":1.01,"volume":1},
		{"file":"sounds/mayasura/MSS_hyper4_1.ogg","pitch":1.02,"volume":1},
		{"file":"sounds/mayasura/MSS_hyper4_2.ogg","pitch":1.01,"volume":1},
		{"file":"sounds/mayasura/MSS_hyper4_3.ogg","pitch":0.99,"volume":1},
		{"file":"sounds/mayasura/MSS_hyper4_4.ogg","pitch":0.98,"volume":1},
	],
				"MSS_lasercannon_fire":
	[
		{"file":"sounds/mayasura/MSS_ultraviolet_pulse_laser_v1.ogg","pitch":1, "volume":0.7},
		{"file":"sounds/mayasura/MSS_ultraviolet_pulse_laser_v1.ogg","pitch":1.02, "volume":0.7},
		{"file":"sounds/mayasura/MSS_ultraviolet_pulse_laser_v1.ogg","pitch":0.98, "volume":0.7},
		],
				"MSS_rotary_lasercannon_fire":
	[
		{"file":"sounds/mayasura/MSS_ultraviolet_rotary_pulse_laser_v2.ogg","pitch":1, "volume":0.7},
		{"file":"sounds/mayasura/MSS_ultraviolet_rotary_pulse_laser_v2.ogg","pitch":1.02, "volume":0.7},
		{"file":"sounds/mayasura/MSS_ultraviolet_rotary_pulse_laser_v2.ogg","pitch":0.98, "volume":0.7},
		],
				"MSS_heavy_rotary_lasercannon_fire":
	[
		{"file":"sounds/mayasura/MSS_heavy_ultraviolet_rotary_pulse_laser.ogg","pitch":1, "volume":0.7},
		{"file":"sounds/mayasura/MSS_heavy_ultraviolet_rotary_pulse_laser.ogg","pitch":1.02, "volume":0.7},
		{"file":"sounds/mayasura/MSS_heavy_ultraviolet_rotary_pulse_laser.ogg","pitch":0.98, "volume":0.7},
	],
			"MSS_superheavy_mortar_fire":
	[
		{"file":"sounds/sfx_wpn_guns/heavy_mortar_fire_01.ogg","pitch":0.70,"volume":1},
		{"file":"sounds/sfx_wpn_guns/heavy_mortar_fire_01.ogg","pitch":0.71,"volume":1},
		{"file":"sounds/sfx_wpn_guns/heavy_mortar_fire_01.ogg","pitch":0.72,"volume":1},
		{"file":"sounds/sfx_wpn_guns/heavy_mortar_fire_01.ogg","pitch":0.73,"volume":1},
		{"file":"sounds/sfx_wpn_guns/heavy_mortar_fire_01.ogg","pitch":0.69,"volume":1},
		{"file":"sounds/sfx_wpn_guns/heavy_mortar_fire_01.ogg","pitch":0.68,"volume":1},
		{"file":"sounds/sfx_wpn_guns/heavy_mortar_fire_01.ogg","pitch":0.67,"volume":1},
	],
				"MSS_Starliner_Howitzer_Fire":
	[
		{"file":"sounds/mayasura/MSS_Starliner_Howitzer_Fire.ogg","pitch":1, "volume":1},
		{"file":"sounds/mayasura/MSS_Starliner_Howitzer_Fire.ogg","pitch":1.03, "volume":1},
		{"file":"sounds/mayasura/MSS_Starliner_Howitzer_Fire.ogg","pitch":0.97, "volume":1},
	],	
				"MSS_ionlance_fire":
	[
		{"file":"sounds/mayasura/MSS_ionlance.ogg","pitch":1,"volume":1.5},
		

	],
				"MSS_railgun_fire":
	[
		{"file":"sounds/mayasura/MSS_railgun.ogg","pitch":1,"volume":1},
		

	],
				"MSS_thumper_fire":
	[
		{"file":"sounds/mayasura/MSS_thumper.ogg","pitch":1,"volume":0.66},
		

	],
				"MSS_thumper_ping":
	[
		{"file":"sounds/mayasura/MSS_thumper_ping.ogg","pitch":1,"volume":0.9},
		

	],
				"MSS_thumper_windup":
	[
		{"file":"sounds/mayasura/MSS_thumper_windup.ogg","pitch":1,"volume":0.9},
		

	],
				"MSS_thumper_explosion":
	[
		{"file":"sounds/mayasura/MSS_thumper_explosion.ogg","pitch":1,"volume":0.9},
		

	],
	"MSS_nitro_activate":
	[
		{"file":"sounds/mayasura/MSS_nitro_activate.ogg","pitch":1.0,"volume":1.0},
	],
	"MSS_nitro_loop":
	[
		{"file":"sounds/sfx_systems/burn_drive_loop.ogg","pitch":1.25,"volume":0.7},
	],
	"MSS_nitro_deactivate":[ 
		{"file":"sounds/sfx_systems/burn_drive_deactivate.ogg","pitch":1.25,"volume":0.7},
	],
	"MSS_nitro_eject":[ 
		{"file":"sounds/sfx_systems/fighter_launch.ogg","pitch":1.4,"volume":0.6},
	],
	"music":{
		"music_mayasuran_encounter_neutral":[
			{"file":"Mayasuran_Navy_Neutral.ogg","source":"sounds/mayasura/music","volume":0.3,"randomStart":true},
		],
		"music_mayasuran_encounter_hostile":[
			{"file":"Mayasuran_Navy_Hostile.ogg","source":"sounds/mayasura/music","volume":0.3,"randomStart":true},
		],
		"music_mayasuran_encounter_friendly":[
			{"file":"Mayasuran_Navy_Friendly.ogg","source":"sounds/mayasura/music","volume":0.3,"randomStart":true},
		],
	},
}
	
}