id,trigger,conditions,script,text,options,notes
ChaseBridgeBunnies,PopulateOptions,"$Rank == Navarch
$faction.id == mayasura
$market.id == mairaath
Commission hasFactionCommission
!$global.ChaseAttackBridgeBunnies
ChaseAstropolis2",,,10:ChaseBridgeBunnies1:Discuss about an invasion of the Port Tse Franchise Station.,
ChaseBridgeBunnies2,PopulateOptions,"$Rank == Navarch
$faction.id == mayasura
$market.id == mairaath
Commission hasFactionCommission
!$global.ChaseAttackRadiation
ChaseAstropolis",,,11:ChaseBridgeBunnies2:Discuss about a reclamation of the Lost Astropolis.,
ChasePortTse,DialogOptionSelected,$option == ChaseBridgeBunnies1,,"""Unsavory elements of scums live in our precious system. They do not have a valid claim to such a station. They have evicted innocent people such as of our Mayasuran blood. They will pay back with their blood. No matter the cost! Let us wage war! For Mairaath! For Mayasura!""","0:ChaseBridgeBunniesYPTFS:""For Mairaath! For Mayasura!""
1:ChaseBridgeBunniesNo:""Unfortunately, it is not time right now. We must wait.""",
ChasePortTseReply,DialogOptionSelected,$option == ChaseBridgeBunniesYPTFS,"$global.ChaseAttackBridgeBunnies = true
ChaseAttackAstropolis2
FireAll PopulationOptions
EndConversation","""It will be done then, I expect you to be at the station when we arrive!""",,
ChaseLostAstropolis,DialogOptionSelected,$option == ChaseBridgeBunnies2,,"""Formerly one of our astropoli of our home, some of our refugees still live amongst this staiton against the unruly bandits. It is time we reclaim it in Mairaath's name, our glory must show that we are not a dying faction. For Mairaath! For Mayasura!""","0:ChaseBridgeBunniesYLA:""For Mairaath! For Mayasura!""
1:ChaseBridgeBunniesNo:""Unfortunately, it is not time right now. We must wait.""",
ChaseLostAstropolisReply,DialogOptionSelected,$option == ChaseBridgeBunniesYLA,"$global.ChaseAttackRadiation = true
ChaseAttackAstropolis
FireAll PopulationOptions
EndConversation
","""It will be done then, I expect you to be at the station when we arrive!""",,
ChaseBridgeBunniesNo,DialogOptionSelected,$option == ChaseBridgeBunniesNo,"FireAll PopulationOptions
EndConversation","""As you wish, we will be ready when the time comes.""",,
,,,,,,
,,,,,,
,,,,,,
,,,,,,
,,,,,,
,,,,,,
,,,,,,
,,,,,,
,,,,,,
,,,,,,
,,,,,,
,,,,,,
,,,,,,
,,,,,,
,,,,,,
,,,,,,
,,,,,,
,,,,,,
,,,,,,
,,,,,,
,,,,,,
,,,,,,
,,,,,,
,,,,,,
,,,,,,
,,,,,,
,,,,,,
,,,,,,
,,,,,,
,,,,,,
,,,,,,
,,,,,,
,,,,,,
,,,,,,
,,,,,,
,,,,,,
,,,,,,
,,,,,,
,,,,,,
,,,,,,
,,,,,,
,,,,,,
