id,trigger,conditions,script,text,options,notes
ChaseBridgeBunnies,PopulateOptions,"$Rank == Navarch
$faction.id == mayasura
$market.id == mairaath
Commission hasFactionCommission
!$global.ChaseAttackBridgeBunnies
ChaseAstropolis2",,,10:ChaseBridgeBunnies1:Discuss about an invasion of the Port Tse Franchise Station.,
ChaseBridgeBunnies2,PopulateOptions,"$Rank == Navarch
$faction.id == mayasura
$market.id == mairaath
Commission hasFactionCommission
!$global.ChaseAttackRadiation
ChaseAstropolis",,,11:ChaseBridgeBunnies2:Discuss about a reclamation of the Lost Astropolis.,
ChasePortTse,DialogOptionSelected,$option == ChaseBridgeBunnies1,,"""Unsavory elements of scums live in our precious system. They do not have a valid claim to such a station. They have evicted innocent people such as of our Mayasuran blood. They will pay back with their blood. No matter the cost! Let us wage war! For Mairaath! For Mayasura!""","0:ChaseBridgeBunniesYPTFS:""For Mairaath! For Mayasura!""
1:ChaseBridgeBunniesNo:""Unfortunately, it is not time right now. We must wait.""",
ChasePortTseReply,DialogOptionSelected,$option == ChaseBridgeBunniesYPTFS,"$global.ChaseAttackBridgeBunnies = true
ChaseAttackAstropolis2
FireAll PopulationOptions
EndConversation","""It will be done then, I expect you to be at the station when we arrive!""",,
ChaseLostAstropolis,DialogOptionSelected,$option == ChaseBridgeBunnies2,,"""Formerly one of our astropoli of our home, some of our refugees still live amongst this staiton against the unruly bandits. It is time we reclaim it in Mairaath's name, our glory must show that we are not a dying faction. For Mairaath! For Mayasura!""","0:ChaseBridgeBunniesYLA:""For Mairaath! For Mayasura!""
1:ChaseBridgeBunniesNo:""Unfortunately, it is not time right now. We must wait.""",
ChaseLostAstropolisReply,DialogOptionSelected,$option == ChaseBridgeBunniesYLA,"$global.ChaseAttackRadiation = true
ChaseAttackAstropolis
FireAll PopulationOptions
EndConversation
","""It will be done then, I expect you to be at the station when we arrive!""",,
ChaseBridgeBunniesNo,DialogOptionSelected,$option == ChaseBridgeBunniesNo,"FireAll PopulationOptions
EndConversation","""As you wish, we will be ready when the time comes.""",,
,,,,,,
Chase_nex_NGCPickStartingShips,ExerelinNGCStep3,"$playerFaction == mayasura
!$mayasura_ChangeMind","AddText ""I see you have made it unscathed, your grace. Death has surrounded us! The enemy is on the horizon. The mighty navy only awaits for your words to wreck havoc upon our enemies.""
AddText ""You have been given direct governorship of our dear planet of Mairaath. Give the navarch orders and we can finally restore Mayasura to her former glory.""
SetTextHighlightColors hColor hColor
SetTextHighlights Mairaath Mayasura
$mayasura_ChangeMind = true 0",,,
Chase_nex_NGCPickStartingShips2,ExerelinNGCStep3,"$playerFaction == mayasura
Chase_HasModId timid_commissioned_hull_mods
!$mayasura_ChangeMind","AddText ""Commissioned Crews Bonus: Ships start with increased max combat readiness.""
SetTextHighlights Commissioned Crews Bonus
$mayasura_ChangeMind = true 0",,,
,,,,,,
# pyotr,,,,,,
,,,,,,
greetingspyorfriendlycomm,OpenCommLink,"Commission hasFactionCommission
$id == msspyotr score:100
$faction.id == mayasura
$faction.friendlyToPlayer","$menuState = fleetConvMain 0
FireAll PopulateOptions","""I greet you, fellow Captain. May Mayasura's light guide your fleet.""
OR
""Though our people may struggle, we shall rise once more to glory.""
OR
$personName salutes you. ""Greetings, Captain $playerName. May our trembles before your wake.""",,
greetingspyorfriendly,OpenCommLink,"$id == msspyotr score:100
$faction.id == mayasura
$faction.friendlyToPlayer","$menuState = fleetConvMain 0
FireAll PopulateOptions","""The people of Mairaath may struggle, but we shall not fall.""
OR
""Our enemies are many, but the people of Mairaath shall stand tall against them.""
OR
""Friend of Mairaath, I welcome you here.""",cutCommLink:Cut the comm link,
greetingspyorhostileweaker,OpenCommLink,"$id == msspyotr score:100
$faction.id == mayasura
$entity.isHostile
$entity.relativeStrength < 0",$entity.ignorePlayerCommRequests = true 1,"""Have you come to finish the job, you vulture?""
OR
""How brave you must be, to be willing to strangle a cripppled nation.""",cutCommLink:Cut the comm link,
greetingspyorhostileweakerdefiant,OpenCommLink,"$id == msspyotr score:100
$faction.id == mayasura
$entity.isHostile
$entity.relativeStrength < 0
$entity.weakerThanPlayerButHolding",$entity.ignorePlayerCommRequests = true 1,"""You may eclipse our people, but we will never submit to you!""
OR
""The people of Mairaath shall never bend the knee to tyrants!""
OR
""If I must give my life to defend my nation, then so be it!""",cutCommLink:Cut the comm link,
greetingspyorhostilestronger,OpenCommLink,"$id == msspyotr score:100
$faction.id == mayasura
$entity.isHostile
$entity.relativeStrength >= 0",$entity.ignorePlayerCommRequests = true 1,"""No more will the people of Mairaath suffer you vultures!""
OR
""Your time is at an end, vulture!""
OR
""We are arisen! And you shall feel our wrath!""",cutCommLink:Cut the comm link,
greetingspyorneutralcomm,OpenCommLink,"Commission hasFactionCommission
$id == msspyotr score:100
$faction.id == mayasura
$faction.neutralToPlayer","$menuState = fleetConvMain 0
FireAll PopulateOptions","""Your wavering loyalty to the people of Mairaath concerns me, $playerName.""
OR
""Is your true colors now showing, $playerName?""
OR
""A nation divided cannot stand, $playerName. Where do your loyalties truly lie?""",,
greetingspyorneutral,OpenCommLink,"$id == msspyotr score:100
$faction.id == mayasura
$faction.neutralToPlayer","$menuState = fleetConvMain 0
FireAll PopulateOptions","""May the enemies of Mairaath know the wrath of its people.""
OR
""Be calm, for only those who oppose Mairaath should fear us.""
OR
""Have you come to aid us? Or hurt us?""",,
