{
	"MayasuranFlare":{
		"engineColor":[76,87,115,255],
		"contrailParticleSizeMult":4,
		"contrailParticleDuration":2,
		"contrailParticleFinalSizeMult":2.5,
		"contrailMaxSpeedMult":0.5,
		"contrailAngularVelocityMult":0,
		"contrailColor":[100,100,100,25],
		"contrailCampaignColor":[150,120,100,25],
		"type":"GLOW" # GLOW or SMOKE
	},
	"MayasuranGoldFlare":{
		"engineColor":[246,163,71,255],
		"contrailParticleSizeMult":4,
		"contrailParticleDuration":2,
		"contrailParticleFinalSizeMult":2.5,
		"contrailMaxSpeedMult":0.5,
		"contrailAngularVelocityMult":0,
		"contrailColor":[100,100,100,25],
		"contrailCampaignColor":[150,120,100,25],
		"type":"GLOW" # GLOW or SMOKE
	},
		"MayasuranSilverFlare":{
		"engineColor":[235,231,230,255],
		"contrailParticleSizeMult":4,
		"contrailParticleDuration":2,
		"contrailParticleFinalSizeMult":2.5,
		"contrailMaxSpeedMult":0.5,
		"contrailAngularVelocityMult":0,
		"contrailColor":[100,100,100,25],
		"contrailCampaignColor":[150,120,100,25],
		"type":"GLOW" # GLOW or SMOKE
	},	
}
